Date,Temperature,Rainfall,WindSpeed
2020-01-01,19.39,0.0,2.21
2020-01-02,20.29,0.0,2.33
2020-01-03,19.84,0.03,2.81
2020-01-04,19.41,0.0,2.53
2020-01-05,20.86,0.0,4.66
2020-01-06,22.83,0.05,4.75
2020-01-07,23.42,0.0,3.7
2020-01-08,22.38,0.0,2.65
2020-01-09,20.25,0.0,2.83
2020-01-10,22.23,0.0,4.2
2020-01-11,23.27,0.0,4.29
2020-01-12,22.99,0.0,3.19
2020-01-13,22.67,0.04,2.22
2020-01-14,21.81,0.01,2.78
2020-01-15,19.85,0.0,3.08
2020-01-16,18.86,0.0,3.05
2020-01-17,17.25,0.0,3.01
2020-01-18,19.59,0.0,2.9
2020-01-19,21.51,0.0,2.6
2020-01-20,23.08,0.0,2.88
2020-01-21,23.23,0.0,2.35
2020-01-22,23.73,0.0,2.73
2020-01-23,24.22,0.0,3.37
2020-01-24,24.57,0.0,3.35
2020-01-25,24.86,0.0,2.94
2020-01-26,24.51,0.0,2.78
2020-01-27,23.5,0.0,2.37
2020-01-28,22.11,0.03,2.23
2020-01-29,20.4,0.0,3.4
2020-01-30,19.28,0.0,2.92
2020-01-31,19.64,0.0,2.93
2020-02-01,21.0,0.0,2.75
2020-02-02,22.57,0.01,3.73
2020-02-03,22.95,0.0,2.2
2020-02-04,22.61,0.0,2.84
2020-02-05,22.22,0.0,3.08
2020-02-06,21.75,0.0,2.73
2020-02-07,20.82,0.0,2.89
2020-02-08,21.98,0.0,3.26
2020-02-09,23.85,0.0,4.36
2020-02-10,25.4,0.0,3.97
2020-02-11,26.13,0.05,3.74
2020-02-12,26.9,0.01,3.58
2020-02-13,26.44,0.01,3.42
2020-02-14,25.75,0.0,3.24
2020-02-15,25.28,0.0,2.98
2020-02-16,25.72,0.0,2.65
2020-02-17,26.84,0.0,3.11
2020-02-18,27.1,0.0,3.38
2020-02-19,26.96,0.0,2.23
2020-02-20,26.63,0.0,2.34
2020-02-21,26.1,0.0,2.78
2020-02-22,26.87,0.0,2.68
2020-02-23,27.07,0.0,2.71
2020-02-24,26.68,0.0,3.17
2020-02-25,26.54,0.0,4.08
2020-02-26,26.5,0.0,4.01
2020-02-27,26.99,0.0,3.78
2020-02-28,27.15,0.0,3.27
2020-02-29,27.14,0.11,2.85
2020-03-01,26.82,0.02,2.75
2020-03-02,26.89,0.0,2.47
2020-03-03,25.3,0.0,2.51
2020-03-04,25.02,0.0,2.44
2020-03-05,24.73,0.0,2.58
2020-03-06,24.76,0.05,3.36
2020-03-07,24.64,0.02,2.83
2020-03-08,24.62,0.0,2.98
2020-03-09,25.22,0.0,2.58
2020-03-10,25.52,0.0,3.24
2020-03-11,24.68,0.03,3.15
2020-03-12,23.81,0.62,2.86
2020-03-13,23.36,0.0,3.56
2020-03-14,25.04,0.0,3.99
2020-03-15,27.42,0.0,3.76
2020-03-16,29.76,0.04,3.83
2020-03-17,30.6,0.02,2.67
2020-03-18,30.41,0.0,3.5
2020-03-19,28.37,0.01,3.12
2020-03-20,27.38,0.0,2.73
2020-03-21,27.31,0.0,2.42
2020-03-22,28.81,0.0,3.09
2020-03-23,29.98,0.08,2.9
2020-03-24,30.81,0.12,2.65
2020-03-25,31.32,0.79,2.11
2020-03-26,30.64,0.63,2.86
2020-03-27,30.39,0.84,2.77
2020-03-28,30.63,0.32,3.75
2020-03-29,31.31,0.33,3.42
2020-03-30,30.81,0.15,2.77
2020-03-31,29.73,0.0,3.07
2020-04-01,30.08,0.0,3.41
2020-04-02,31.18,0.1,3.81
2020-04-03,31.03,0.0,3.25
2020-04-04,30.47,0.01,3.06
2020-04-05,30.33,0.16,2.46
2020-04-06,29.48,0.32,2.61
2020-04-07,29.33,0.0,2.99
2020-04-08,28.63,0.0,2.73
2020-04-09,28.94,0.0,2.95
2020-04-10,30.82,0.01,2.88
2020-04-11,32.64,0.08,2.99
2020-04-12,33.06,1.07,2.59
2020-04-13,32.68,0.39,2.56
2020-04-14,32.97,0.31,2.55
2020-04-15,33.34,0.09,3.18
2020-04-16,32.41,0.48,2.84
2020-04-17,32.09,0.09,2.73
2020-04-18,32.59,0.21,3.17
2020-04-19,33.08,0.83,2.93
2020-04-20,33.14,0.06,3.21
2020-04-21,31.75,0.09,3.46
2020-04-22,31.95,0.01,3.08
2020-04-23,32.04,0.04,2.99
2020-04-24,31.38,0.05,3.37
2020-04-25,30.84,0.01,3.44
2020-04-26,31.06,0.01,3.19
2020-04-27,31.34,0.04,3.19
2020-04-28,32.92,0.11,3.74
2020-04-29,33.07,0.23,2.9
2020-04-30,32.11,0.34,2.95
2020-05-01,31.5,1.0,3.29
2020-05-02,31.76,1.63,3.53
2020-05-03,32.24,0.49,3.78
2020-05-04,31.63,0.06,3.26
2020-05-05,32.39,0.26,4.02
2020-05-06,33.02,0.07,3.35
2020-05-07,32.52,0.01,3.49
2020-05-08,32.0,0.0,2.89
2020-05-09,32.31,0.01,3.13
2020-05-10,32.27,0.06,3.39
2020-05-11,32.51,0.75,3.02
2020-05-12,32.02,0.08,3.24
2020-05-13,31.89,0.07,3.33
2020-05-14,33.32,0.49,3.56
2020-05-15,32.91,0.87,3.67
2020-05-16,32.33,0.32,3.67
2020-05-17,32.18,0.29,4.88
2020-05-18,32.13,0.12,5.28
2020-05-19,31.71,0.04,4.46
2020-05-20,31.8,0.01,3.77
2020-05-21,32.21,0.0,3.72
2020-05-22,32.42,0.0,4.1
2020-05-23,32.5,0.01,4.04
2020-05-24,32.72,0.03,3.5
2020-05-25,32.74,0.01,3.47
2020-05-26,32.17,0.0,3.36
2020-05-27,31.7,0.0,3.76
2020-05-28,31.75,0.0,4.49
2020-05-29,31.95,0.01,4.2
2020-05-30,31.94,0.02,3.62
2020-05-31,31.52,0.71,3.75
2020-06-01,31.31,2.69,1.28
2020-06-02,29.82,22.87,2.75
2020-06-03,27.43,74.26,6.49
2020-06-04,27.52,39.4,4.68
2020-06-05,28.31,3.73,3.56
2020-06-06,28.56,16.7,4.34
2020-06-07,28.16,9.27,3.02
2020-06-08,28.03,15.51,2.9
2020-06-09,27.18,5.39,3.48
2020-06-10,27.66,8.8,3.27
2020-06-11,28.43,6.8,3.23
2020-06-12,28.2,8.65,3.13
2020-06-13,27.44,24.85,2.72
2020-06-14,28.01,14.0,2.95
2020-06-15,27.91,27.55,3.52
2020-06-16,27.3,11.86,3.05
2020-06-17,28.0,13.46,3.92
2020-06-18,27.89,32.44,5.33
2020-06-19,28.42,12.14,3.94
2020-06-20,28.22,4.55,4.09
2020-06-21,27.89,7.22,3.9
2020-06-22,28.34,3.34,4.31
2020-06-23,28.27,5.21,4.67
2020-06-24,28.29,1.01,3.96
2020-06-25,28.64,1.56,2.86
2020-06-26,27.52,4.17,2.34
2020-06-27,27.8,8.23,2.57
2020-06-28,28.14,10.85,2.24
2020-06-29,28.24,36.73,2.74
2020-06-30,27.09,29.84,2.79
2020-07-01,27.28,7.54,4.02
2020-07-02,27.92,12.21,4.53
2020-07-03,27.1,43.62,5.95
2020-07-04,27.12,103.54,5.84
2020-07-05,26.79,60.79,7.32
2020-07-06,27.61,44.96,8.25
2020-07-07,27.3,57.28,7.73
2020-07-08,27.44,20.4,5.63
2020-07-09,27.39,23.9,5.04
2020-07-10,27.4,11.93,5.03
2020-07-11,27.37,14.43,4.78
2020-07-12,26.69,26.51,4.42
2020-07-13,26.73,18.16,3.6
2020-07-14,27.29,31.35,4.23
2020-07-15,26.28,67.41,4.22
2020-07-16,26.02,36.7,5.76
2020-07-17,26.64,27.1,6.27
2020-07-18,27.08,10.68,5.4
2020-07-19,27.19,5.8,3.94
2020-07-20,26.64,9.12,2.75
2020-07-21,26.81,5.01,2.98
2020-07-22,27.01,6.26,2.12
2020-07-23,27.07,10.4,2.24
2020-07-24,26.44,23.0,2.36
2020-07-25,26.11,10.67,3.03
2020-07-26,26.56,9.09,3.57
2020-07-27,26.74,20.23,3.77
2020-07-28,26.68,26.27,2.98
2020-07-29,26.67,14.83,2.84
2020-07-30,27.03,12.99,2.41
2020-07-31,26.58,6.53,2.15
2020-08-01,26.9,9.09,2.77
2020-08-02,27.18,8.9,3.48
2020-08-03,27.08,46.41,4.45
2020-08-04,26.91,109.49,6.92
2020-08-05,26.78,129.26,8.01
2020-08-06,26.34,126.09,7.68
2020-08-07,27.03,24.63,7.23
2020-08-08,26.85,15.15,6.0
2020-08-09,26.71,10.81,5.07
2020-08-10,26.44,34.61,4.84
2020-08-11,26.44,22.1,5.54
2020-08-12,26.13,41.8,6.04
2020-08-13,25.89,55.75,6.0
2020-08-14,26.06,60.58,6.86
2020-08-15,26.1,41.16,6.47
2020-08-16,26.02,33.79,6.28
2020-08-17,25.88,51.77,5.28
2020-08-18,26.06,32.52,5.32
2020-08-19,26.33,19.36,4.82
2020-08-20,25.79,48.99,4.84
2020-08-21,26.08,48.7,5.77
2020-08-22,26.5,20.82,5.86
2020-08-23,26.4,13.15,5.99
2020-08-24,26.45,9.61,5.74
2020-08-25,26.41,6.74,4.49
2020-08-26,26.25,2.87,3.43
2020-08-27,25.99,7.86,3.9
2020-08-28,25.99,56.94,3.88
2020-08-29,25.61,62.18,4.03
2020-08-30,25.89,31.07,4.55
2020-08-31,26.29,21.16,4.53
2020-09-01,26.29,7.35,3.01
2020-09-02,26.33,1.81,2.6
2020-09-03,26.68,1.03,2.04
2020-09-04,27.74,4.27,1.91
2020-09-05,28.23,14.84,1.77
2020-09-06,28.66,8.73,1.79
2020-09-07,27.93,11.46,1.99
2020-09-08,27.1,2.94,2.54
2020-09-09,26.11,5.77,1.99
2020-09-10,26.57,39.64,1.99
2020-09-11,26.72,11.8,1.82
2020-09-12,27.06,19.97,3.66
2020-09-13,26.37,6.26,4.23
2020-09-14,25.41,6.33,3.02
2020-09-15,25.17,4.01,2.4
2020-09-16,25.49,7.29,2.65
2020-09-17,25.94,9.09,2.84
2020-09-18,25.93,3.02,2.69
2020-09-19,26.38,13.15,2.98
2020-09-20,26.7,16.17,3.52
2020-09-21,26.47,10.41,4.15
2020-09-22,26.51,78.2,3.46
2020-09-23,25.94,57.73,3.98
2020-09-24,26.79,5.55,2.73
2020-09-25,26.22,11.68,2.98
2020-09-26,26.05,1.5,2.57
2020-09-27,26.07,1.95,2.29
2020-09-28,26.42,0.69,1.67
2020-09-29,26.12,0.68,2.15
2020-09-30,26.14,0.74,2.47
2020-10-01,26.02,0.68,2.28
2020-10-02,26.73,2.47,2.25
2020-10-03,27.37,10.81,2.1
2020-10-04,26.78,4.6,2.74
2020-10-05,26.83,0.68,2.27
2020-10-06,26.18,0.28,1.98
2020-10-07,27.54,0.44,1.84
2020-10-08,27.61,1.31,2.09
2020-10-09,27.93,0.27,1.59
2020-10-10,28.3,7.77,1.2
2020-10-11,27.88,11.12,1.47
2020-10-12,27.27,2.68,1.86
2020-10-13,28.16,8.22,1.33
2020-10-14,27.78,11.54,1.91
2020-10-15,26.77,48.81,4.54
2020-10-16,27.29,8.68,4.97
2020-10-17,26.7,3.26,3.63
2020-10-18,26.28,1.23,2.64
2020-10-19,25.74,5.39,2.24
2020-10-20,27.01,19.24,1.77
2020-10-21,27.55,5.03,1.77
2020-10-22,27.08,15.08,2.28
2020-10-23,26.77,5.36,2.31
2020-10-24,27.32,2.59,1.27
2020-10-25,27.27,2.74,1.36
2020-10-26,26.99,0.07,2.0
2020-10-27,26.66,0.0,2.1
2020-10-28,26.22,0.0,1.87
2020-10-29,25.85,0.0,2.19
2020-10-30,25.9,0.0,2.19
2020-10-31,25.41,0.0,2.31
2020-11-01,25.78,0.0,2.21
2020-11-02,26.55,0.0,2.11
2020-11-03,26.45,0.0,2.93
2020-11-04,25.46,0.0,2.89
2020-11-05,24.84,0.0,2.71
2020-11-06,23.71,0.0,3.51
2020-11-07,23.75,0.0,3.87
2020-11-08,24.75,0.0,3.78
2020-11-09,23.71,0.01,3.3
2020-11-10,22.15,0.0,4.14
2020-11-11,21.35,0.0,4.25
2020-11-12,22.08,0.0,3.76
2020-11-13,25.1,0.0,2.8
2020-11-14,26.39,0.01,2.6
2020-11-15,26.36,0.03,2.08
2020-11-16,26.18,0.0,2.73
2020-11-17,26.83,0.05,2.23
2020-11-18,25.82,0.08,2.47
2020-11-19,25.95,0.04,1.99
2020-11-20,26.16,0.22,1.79
2020-11-21,25.76,0.03,2.14
2020-11-22,24.66,0.0,2.54
2020-11-23,24.76,0.0,2.12
2020-11-24,24.77,0.0,1.77
2020-11-25,24.11,0.0,3.1
2020-11-26,23.63,0.0,3.17
2020-11-27,23.25,0.0,4.75
2020-11-28,23.77,0.01,3.91
2020-11-29,25.18,0.0,2.94
2020-11-30,25.84,0.0,2.14
2020-12-01,26.51,0.0,1.84
2020-12-02,25.27,0.01,2.65
2020-12-03,23.79,0.0,3.14
2020-12-04,23.63,0.0,3.09
2020-12-05,23.45,0.0,3.2
2020-12-06,22.73,0.0,3.96
2020-12-07,22.42,0.0,4.06
2020-12-08,22.86,0.02,3.94
2020-12-09,23.89,0.01,3.05
2020-12-10,25.17,0.26,2.23
2020-12-11,24.8,2.09,1.45
2020-12-12,24.67,0.89,2.05
2020-12-13,24.41,1.45,1.64
2020-12-14,24.29,7.19,1.83
2020-12-15,23.81,0.06,2.21
2020-12-16,23.82,0.0,2.39
2020-12-17,23.84,0.0,2.45
2020-12-18,23.59,0.0,2.92
2020-12-19,22.68,0.0,3.77
2020-12-20,21.55,0.25,4.19
2020-12-21,21.04,0.0,4.13
2020-12-22,20.86,0.0,3.17
2020-12-23,21.04,0.0,2.55
2020-12-24,22.25,0.0,2.55
2020-12-25,23.26,0.0,3.46
2020-12-26,23.4,0.0,3.21
2020-12-27,23.3,0.0,2.82
2020-12-28,21.27,0.0,2.54
2020-12-29,20.81,0.0,2.35
2020-12-30,22.19,0.0,2.3
2020-12-31,23.74,0.0,3.51
2021-01-01,24.52,0.03,3.03
2021-01-02,23.85,0.02,2.01
2021-01-03,23.59,0.01,1.91
2021-01-04,23.68,0.08,1.94
2021-01-05,23.33,0.08,2.04
2021-01-06,23.69,0.0,2.43
2021-01-07,24.45,0.6,1.89
2021-01-08,25.0,3.32,1.84
2021-01-09,25.53,3.92,1.88
2021-01-10,26.17,0.19,2.47
2021-01-11,26.9,0.02,2.36
2021-01-12,27.02,0.0,3.09
2021-01-13,26.35,0.0,2.74
2021-01-14,25.32,0.0,2.0
2021-01-15,24.75,0.0,2.64
2021-01-16,24.72,0.0,2.04
2021-01-17,25.22,0.0,2.07
2021-01-18,25.17,0.0,2.23
2021-01-19,25.09,0.0,2.15
2021-01-20,24.38,0.0,2.37
2021-01-21,22.98,0.0,2.31
2021-01-22,23.7,0.0,2.12
2021-01-23,23.92,0.0,2.1
2021-01-24,23.25,0.0,2.52
2021-01-25,22.63,0.0,2.91
2021-01-26,22.36,0.0,2.5
2021-01-27,22.04,0.0,2.64
2021-01-28,21.96,0.0,2.58
2021-01-29,22.34,0.0,2.84
2021-01-30,23.41,0.0,2.52
2021-01-31,23.95,0.0,2.62
2021-02-01,24.54,0.0,3.46
2021-02-02,24.89,0.0,3.73
2021-02-03,23.91,0.0,3.02
2021-02-04,23.69,0.0,2.68
2021-02-05,22.95,0.0,3.32
2021-02-06,23.35,0.0,3.38
2021-02-07,24.14,0.0,3.99
2021-02-08,24.25,0.0,3.44
2021-02-09,24.01,0.0,3.46
2021-02-10,24.15,0.0,2.64
2021-02-11,24.64,0.0,2.78
2021-02-12,24.72,0.0,2.73
2021-02-13,24.96,0.0,2.57
2021-02-14,25.01,0.0,2.34
2021-02-15,24.44,0.01,2.43
2021-02-16,24.01,0.0,2.73
2021-02-17,24.9,0.01,2.49
2021-02-18,26.01,3.26,2.13
2021-02-19,25.78,8.1,2.79
2021-02-20,25.37,0.0,3.42
2021-02-21,26.75,0.0,4.1
2021-02-22,27.47,0.0,2.87
2021-02-23,27.63,0.0,2.42
2021-02-24,27.53,0.0,2.76
2021-02-25,27.34,0.0,3.02
2021-02-26,27.1,0.0,2.97
2021-02-27,27.29,0.0,3.26
2021-02-28,29.01,0.0,2.89
2021-03-01,29.82,0.0,3.95
2021-03-02,29.2,0.0,3.63
2021-03-03,29.44,0.0,3.23
2021-03-04,29.38,0.0,3.49
2021-03-05,29.86,0.0,3.29
2021-03-06,28.84,0.0,2.23
2021-03-07,28.28,0.0,2.85
2021-03-08,28.34,0.0,3.07
2021-03-09,28.78,0.01,3.0
2021-03-10,28.69,0.01,2.64
2021-03-11,28.55,0.0,2.89
2021-03-12,28.86,0.0,2.94
2021-03-13,30.55,0.0,3.51
2021-03-14,29.97,0.0,2.86
2021-03-15,29.89,0.0,2.83
2021-03-16,30.42,0.0,2.86
2021-03-17,30.44,0.02,3.16
2021-03-18,30.44,0.09,2.91
2021-03-19,28.84,0.07,3.22
2021-03-20,28.48,0.01,2.68
2021-03-21,29.0,0.02,2.23
2021-03-22,29.7,1.46,2.28
2021-03-23,30.59,0.37,2.95
2021-03-24,32.07,0.04,3.18
2021-03-25,31.93,0.2,4.73
2021-03-26,31.51,0.0,3.36
2021-03-27,32.4,0.0,3.51
2021-03-28,31.83,0.01,2.7
2021-03-29,31.31,0.01,2.75
2021-03-30,29.89,0.0,2.26
2021-03-31,29.0,0.0,2.43
2021-04-01,29.12,0.04,2.4
2021-04-02,28.99,0.01,2.32
2021-04-03,28.9,0.0,2.45
2021-04-04,29.79,0.0,2.8
2021-04-05,30.38,0.0,3.0
2021-04-06,31.32,0.01,3.42
2021-04-07,31.36,0.0,3.21
2021-04-08,30.37,0.07,2.63
2021-04-09,30.81,0.04,2.45
2021-04-10,31.36,0.08,2.62
2021-04-11,32.31,0.91,1.94
2021-04-12,32.07,0.25,2.32
2021-04-13,32.59,1.78,2.01
2021-04-14,32.16,0.54,2.61
2021-04-15,31.34,0.32,2.63
2021-04-16,30.92,0.24,3.11
2021-04-17,31.08,0.0,3.67
2021-04-18,31.9,0.01,3.39
2021-04-19,31.11,0.0,2.54
2021-04-20,30.81,0.01,2.79
2021-04-21,29.69,0.57,2.57
2021-04-22,30.91,0.09,2.97
2021-04-23,30.81,0.01,2.89
2021-04-24,30.95,0.03,2.73
2021-04-25,32.01,0.26,2.92
2021-04-26,31.41,0.65,2.48
2021-04-27,31.83,0.47,2.25
2021-04-28,31.64,0.47,2.36
2021-04-29,31.47,0.39,2.83
2021-04-30,32.26,0.42,2.65
2021-05-01,32.85,0.57,2.66
2021-05-02,32.43,1.48,2.25
2021-05-03,32.52,1.39,2.49
2021-05-04,32.7,0.69,2.91
2021-05-05,32.69,1.2,2.83
2021-05-06,32.3,0.75,2.54
2021-05-07,32.49,0.8,2.5
2021-05-08,32.84,0.09,2.6
2021-05-09,32.61,0.38,2.64
2021-05-10,32.34,0.04,3.12
2021-05-11,32.04,0.01,3.19
2021-05-12,31.36,0.0,3.45
2021-05-13,30.99,0.12,2.71
2021-05-14,32.43,0.13,3.12
2021-05-15,34.65,3.09,3.82
2021-05-16,32.75,11.81,8.89
2021-05-17,28.09,192.72,14.62
2021-05-18,28.38,77.57,9.2
2021-05-19,28.52,12.87,4.58
2021-05-20,28.88,0.35,2.11
2021-05-21,29.12,0.26,2.12
2021-05-22,28.74,0.48,2.52
2021-05-23,28.31,0.34,2.81
2021-05-24,28.87,0.24,3.23
2021-05-25,29.01,0.18,3.74
2021-05-26,28.75,0.24,4.04
2021-05-27,29.23,0.21,4.05
2021-05-28,29.44,0.23,3.72
2021-05-29,29.4,3.98,2.66
2021-05-30,28.93,5.6,2.2
2021-05-31,28.69,10.8,2.17
2021-06-01,28.6,18.38,2.43
2021-06-02,28.78,14.08,1.86
2021-06-03,29.15,4.88,1.78
2021-06-04,29.08,3.62,1.37
2021-06-05,27.91,13.56,2.0
2021-06-06,28.29,10.04,2.75
2021-06-07,28.48,6.18,3.52
2021-06-08,28.27,31.0,3.51
2021-06-09,28.19,54.2,4.97
2021-06-10,27.56,55.91,5.42
2021-06-11,28.05,37.06,5.06
2021-06-12,28.24,32.49,4.84
2021-06-13,28.07,19.53,4.58
2021-06-14,28.55,5.61,4.59
2021-06-15,28.13,29.75,5.65
2021-06-16,27.79,43.4,5.36
2021-06-17,27.81,61.14,6.21
2021-06-18,27.82,54.49,6.73
2021-06-19,27.48,44.56,5.81
2021-06-20,27.5,19.16,5.1
2021-06-21,27.28,5.09,4.03
2021-06-22,27.48,4.08,3.79
2021-06-23,27.28,5.47,3.8
2021-06-24,27.29,10.57,3.84
2021-06-25,27.02,21.47,4.08
2021-06-26,27.18,7.69,4.08
2021-06-27,26.79,6.28,2.96
2021-06-28,26.25,26.0,3.39
2021-06-29,27.3,6.74,2.95
2021-06-30,27.11,3.91,3.11
2021-07-01,27.43,2.31,3.95
2021-07-02,27.59,0.85,4.4
2021-07-03,27.58,1.03,3.45
2021-07-04,27.53,0.99,2.47
2021-07-05,27.41,3.95,1.98
2021-07-06,27.52,2.78,2.07
2021-07-07,27.66,4.93,2.46
2021-07-08,27.64,20.77,2.83
2021-07-09,27.24,24.21,2.09
2021-07-10,26.93,9.61,2.25
2021-07-11,26.74,15.08,4.75
2021-07-12,26.58,93.46,6.83
2021-07-13,26.83,41.63,5.05
2021-07-14,26.64,27.06,4.74
2021-07-15,26.84,89.19,5.68
2021-07-16,26.99,26.92,4.78
2021-07-17,26.86,64.44,4.26
2021-07-18,26.9,69.83,5.94
2021-07-19,26.65,105.98,6.63
2021-07-20,26.52,60.3,5.88
2021-07-21,26.32,119.2,7.32
2021-07-22,26.47,44.19,6.99
2021-07-23,26.33,55.22,5.77
2021-07-24,27.16,31.3,4.82
2021-07-25,26.85,26.27,5.66
2021-07-26,26.76,18.53,7.07
2021-07-27,26.45,16.2,6.86
2021-07-28,26.37,18.34,7.08
2021-07-29,25.88,20.2,6.6
2021-07-30,25.68,30.93,6.43
2021-07-31,26.16,6.43,6.44
2021-08-01,26.09,5.98,5.85
2021-08-02,26.32,11.06,5.73
2021-08-03,26.5,15.55,5.83
2021-08-04,26.3,13.85,5.72
2021-08-05,26.33,6.41,5.52
2021-08-06,26.48,3.8,4.54
2021-08-07,26.6,2.27,3.23
2021-08-08,26.58,4.96,2.81
2021-08-09,26.84,1.55,2.85
2021-08-10,26.44,3.37,2.78
2021-08-11,26.61,5.82,2.92
2021-08-12,26.5,10.95,3.47
2021-08-13,26.36,7.09,3.64
2021-08-14,26.1,16.19,3.87
2021-08-15,26.27,17.72,3.63
2021-08-16,26.3,10.27,2.51
2021-08-17,25.72,11.53,2.38
2021-08-18,25.06,28.89,2.36
2021-08-19,25.31,38.03,2.28
2021-08-20,25.65,16.41,2.97
2021-08-21,25.69,36.37,2.8
2021-08-22,25.14,1.6,2.29
2021-08-23,25.91,0.42,2.24
2021-08-24,26.44,1.09,1.91
2021-08-25,26.6,1.31,2.35
2021-08-26,26.72,3.53,2.47
2021-08-27,26.88,3.63,2.59
2021-08-28,26.64,0.93,2.1
2021-08-29,26.79,0.96,2.01
2021-08-30,25.87,15.65,3.48
2021-08-31,25.24,81.32,5.47
2021-09-01,25.89,11.59,4.31
2021-09-02,25.83,7.96,3.74
2021-09-03,26.31,18.03,3.92
2021-09-04,26.32,15.54,3.19
2021-09-05,26.32,13.12,2.94
2021-09-06,26.19,13.94,3.69
2021-09-07,26.24,50.27,4.28
2021-09-08,26.15,37.54,5.31
2021-09-09,26.41,15.9,5.9
2021-09-10,26.61,17.93,5.98
2021-09-11,26.73,31.19,6.01
2021-09-12,26.7,46.82,4.85
2021-09-13,26.44,37.0,4.97
2021-09-14,26.37,14.56,5.06
2021-09-15,26.07,3.75,4.48
2021-09-16,26.15,1.98,4.23
2021-09-17,25.85,0.66,3.14
2021-09-18,25.93,2.66,3.28
2021-09-19,26.47,15.01,3.39
2021-09-20,26.44,16.88,3.0
2021-09-21,26.29,34.56,3.57
2021-09-22,26.13,37.11,3.46
2021-09-23,26.41,6.56,2.84
2021-09-24,26.25,0.99,2.17
2021-09-25,26.46,1.75,1.94
2021-09-26,26.26,1.63,2.01
2021-09-27,25.83,19.86,2.22
2021-09-28,24.93,72.57,5.04
2021-09-29,25.72,17.41,4.93
2021-09-30,26.8,7.01,3.8
2021-10-01,26.67,2.23,2.08
2021-10-02,27.34,1.5,2.1
2021-10-03,27.53,1.48,2.25
2021-10-04,27.51,2.69,2.74
2021-10-05,27.65,3.83,2.6
2021-10-06,28.22,21.94,1.45
2021-10-07,28.5,1.1,1.85
2021-10-08,27.01,10.44,2.15
2021-10-09,26.85,10.26,2.11
2021-10-10,27.16,2.3,1.35
2021-10-11,27.32,4.2,1.43
2021-10-12,27.95,8.91,1.6
2021-10-13,28.03,0.99,1.99
2021-10-14,28.12,0.18,1.9
2021-10-15,27.66,0.01,2.78
2021-10-16,26.1,0.0,2.63
2021-10-17,27.1,0.14,1.88
2021-10-18,26.5,0.02,2.55
2021-10-19,25.74,0.19,1.88
2021-10-20,24.75,0.07,2.29
2021-10-21,25.28,0.0,2.35
2021-10-22,25.06,0.0,2.22
2021-10-23,24.3,0.0,2.34
2021-10-24,23.69,0.11,2.59
2021-10-25,24.32,0.01,2.6
2021-10-26,24.81,0.05,2.34
2021-10-27,24.81,0.0,3.02
2021-10-28,24.61,0.07,3.55
2021-10-29,24.49,0.0,3.89
2021-10-30,24.23,0.05,3.9
2021-10-31,25.19,0.0,3.12
2021-11-01,25.25,0.0,2.88
2021-11-02,25.79,0.0,2.75
2021-11-03,25.35,0.0,3.2
2021-11-04,26.53,0.12,2.13
2021-11-05,26.98,3.21,2.31
2021-11-06,26.09,5.42,1.72
2021-11-07,25.35,1.34,1.96
2021-11-08,24.8,0.01,3.17
2021-11-09,22.97,0.0,3.92
2021-11-10,22.97,0.0,3.58
2021-11-11,22.49,0.0,3.84
2021-11-12,23.06,0.0,3.7
2021-11-13,25.46,0.0,3.12
2021-11-14,26.3,0.03,3.01
2021-11-15,26.48,0.12,2.04
2021-11-16,27.1,2.06,2.78
2021-11-17,26.94,3.44,2.69
2021-11-18,26.66,7.44,2.61
2021-11-19,26.74,1.71,1.92
2021-11-20,27.22,1.05,2.2
2021-11-21,27.46,11.21,2.6
2021-11-22,26.07,10.17,2.77
2021-11-23,26.91,0.03,1.69
2021-11-24,27.04,0.01,2.78
2021-11-25,26.11,0.0,2.12
2021-11-26,25.32,0.0,2.69
2021-11-27,24.75,0.0,2.49
2021-11-28,22.18,0.0,4.11
2021-11-29,22.98,0.0,4.24
2021-11-30,23.36,2.44,4.03
2021-12-01,21.92,63.01,3.6
2021-12-02,22.43,7.07,4.38
2021-12-03,23.72,0.14,2.1
2021-12-04,24.37,0.05,2.08
2021-12-05,23.22,0.03,1.86
2021-12-06,23.08,0.02,2.44
2021-12-07,23.47,0.0,3.28
2021-12-08,23.34,0.11,3.7
2021-12-09,23.67,0.0,2.76
2021-12-10,23.73,0.0,3.55
2021-12-11,24.02,0.0,3.24
2021-12-12,24.34,0.01,2.87
2021-12-13,23.38,0.01,2.22
2021-12-14,22.59,0.0,2.16
2021-12-15,22.7,0.2,2.32
2021-12-16,22.73,0.0,2.39
2021-12-17,22.33,0.0,2.21
2021-12-18,22.41,0.0,3.13
2021-12-19,21.9,0.0,3.49
2021-12-20,21.16,0.0,3.1
2021-12-21,20.96,0.0,2.72
2021-12-22,20.87,0.0,2.18
2021-12-23,21.08,0.0,2.35
2021-12-24,20.35,0.0,2.18
2021-12-25,20.39,0.0,2.07
2021-12-26,21.05,0.0,2.6
2021-12-27,22.21,0.0,2.43
2021-12-28,22.07,0.0,2.02
2021-12-29,20.91,0.0,3.19
2021-12-30,21.48,0.0,4.1
2021-12-31,23.0,0.0,4.24
2022-01-01,23.09,0.0,3.03
2022-01-02,23.3,0.0,2.59
2022-01-03,23.4,0.0,2.79
2022-01-04,24.25,0.0,2.33
2022-01-05,23.05,0.0,2.66
2022-01-06,22.38,0.13,2.23
2022-01-07,22.15,0.02,2.55
2022-01-08,22.41,1.44,2.09
2022-01-09,20.22,0.14,3.07
2022-01-10,18.08,0.0,2.92
2022-01-11,17.87,0.0,2.37
2022-01-12,18.36,0.0,2.79
2022-01-13,18.95,0.0,2.59
2022-01-14,20.25,0.06,1.96
2022-01-15,21.79,0.0,2.92
2022-01-16,23.09,0.0,3.21
2022-01-17,23.56,0.0,2.75
2022-01-18,23.45,0.0,2.65
2022-01-19,22.88,0.0,2.98
2022-01-20,22.54,0.0,2.63
2022-01-21,22.22,0.05,2.13
2022-01-22,22.75,0.31,2.84
2022-01-23,19.77,0.06,3.68
2022-01-24,16.59,0.0,3.07
2022-01-25,17.06,0.0,3.12
2022-01-26,18.84,0.0,2.78
2022-01-27,20.31,0.0,3.41
2022-01-28,21.28,0.0,3.94
2022-01-29,21.92,0.0,3.39
2022-01-30,21.91,0.0,2.5
2022-01-31,21.91,0.0,2.64
2022-02-01,22.19,0.0,2.89
2022-02-02,22.61,0.0,2.43
2022-02-03,21.65,0.0,2.47
2022-02-04,21.7,0.0,1.81
2022-02-05,21.12,0.0,2.64
2022-02-06,22.04,0.0,3.01
2022-02-07,21.52,0.0,2.4
2022-02-08,21.12,0.0,2.59
2022-02-09,21.69,0.02,2.72
2022-02-10,22.84,0.0,3.07
2022-02-11,24.06,0.0,3.89
2022-02-12,23.92,0.0,3.76
2022-02-13,24.06,0.0,2.91
2022-02-14,22.75,0.0,3.02
2022-02-15,21.81,0.0,2.52
2022-02-16,22.0,0.0,2.07
2022-02-17,23.02,0.0,2.33
2022-02-18,23.6,0.0,2.47
2022-02-19,24.8,0.0,2.4
2022-02-20,25.09,0.22,2.65
2022-02-21,24.48,0.0,2.59
2022-02-22,25.06,0.0,2.31
2022-02-23,25.99,0.0,2.41
2022-02-24,26.18,0.0,2.01
2022-02-25,26.16,0.0,2.26
2022-02-26,26.11,0.01,2.77
2022-02-27,25.93,0.0,2.95
2022-02-28,26.29,0.0,3.06
2022-03-01,27.09,0.0,3.16
2022-03-02,27.82,0.0,3.51
2022-03-03,28.44,0.0,4.53
2022-03-04,28.43,0.0,4.43
2022-03-05,28.52,0.0,3.75
2022-03-06,28.51,0.0,3.19
2022-03-07,28.98,0.17,3.27
2022-03-08,30.09,0.1,3.08
2022-03-09,30.59,0.1,2.82
2022-03-10,29.74,0.05,3.47
2022-03-11,29.76,0.21,2.59
2022-03-12,30.09,0.01,3.12
2022-03-13,30.02,0.0,3.68
2022-03-14,30.49,0.0,3.86
2022-03-15,30.71,0.0,3.43
2022-03-16,31.03,0.0,3.51
2022-03-17,31.45,0.24,3.36
2022-03-18,30.82,0.42,3.15
2022-03-19,29.82,0.45,2.89
2022-03-20,29.01,0.03,2.55
2022-03-21,29.54,0.01,3.12
2022-03-22,30.49,0.44,3.07
2022-03-23,30.97,2.24,2.79
2022-03-24,30.43,1.56,2.82
2022-03-25,29.71,0.0,2.16
2022-03-26,29.66,0.01,2.23
2022-03-27,30.29,0.0,2.12
2022-03-28,30.58,0.0,2.48
2022-03-29,30.89,0.08,3.01
2022-03-30,30.78,0.1,3.11
2022-03-31,29.92,0.0,2.85
2022-04-01,29.76,0.0,2.97
2022-04-02,30.04,0.0,2.51
2022-04-03,30.48,0.0,3.14
2022-04-04,31.41,0.03,2.53
2022-04-05,31.25,0.18,2.87
2022-04-06,31.59,0.22,2.79
2022-04-07,31.99,0.21,3.36
2022-04-08,31.91,0.4,2.81
2022-04-09,31.23,0.19,3.02
2022-04-10,30.79,0.05,2.4
2022-04-11,31.63,0.04,2.39
2022-04-12,32.37,0.0,2.53
2022-04-13,31.9,0.01,2.32
2022-04-14,30.87,0.02,2.7
2022-04-15,30.45,0.04,2.68
2022-04-16,30.24,0.02,2.51
2022-04-17,30.45,0.02,2.52
2022-04-18,30.9,0.02,2.71
2022-04-19,30.13,0.05,2.76
2022-04-20,30.44,0.14,3.03
2022-04-21,33.63,0.07,3.86
2022-04-22,34.12,0.78,3.33
2022-04-23,33.68,0.75,2.35
2022-04-24,32.49,0.28,2.89
2022-04-25,33.26,0.08,3.09
2022-04-26,32.67,0.13,2.65
2022-04-27,34.07,0.01,3.89
2022-04-28,34.34,0.02,3.61
2022-04-29,32.31,0.02,2.65
2022-04-30,31.93,0.02,2.87
2022-05-01,31.19,0.02,2.93
2022-05-02,30.74,0.02,2.76
2022-05-03,30.43,0.02,2.73
2022-05-04,31.05,0.0,2.83
2022-05-05,31.34,0.0,3.72
2022-05-06,31.5,0.03,3.6
2022-05-07,31.72,0.01,3.93
2022-05-08,31.98,0.14,3.34
2022-05-09,32.15,0.18,4.38
2022-05-10,31.48,0.14,4.78
2022-05-11,31.55,0.13,4.3
2022-05-12,31.58,0.13,4.69
2022-05-13,31.42,0.09,4.79
2022-05-14,31.39,0.08,4.86
2022-05-15,31.57,0.08,4.48
2022-05-16,31.8,0.25,3.99
2022-05-17,31.46,0.37,3.93
2022-05-18,31.35,0.16,3.8
2022-05-19,31.18,0.46,3.36
2022-05-20,30.86,0.15,4.27
2022-05-21,30.49,0.07,5.65
2022-05-22,30.44,0.3,6.13
2022-05-23,30.85,2.86,5.78
2022-05-24,30.77,1.9,4.82
2022-05-25,30.5,0.33,3.71
2022-05-26,30.53,0.05,3.97
2022-05-27,31.25,0.01,4.76
2022-05-28,31.32,0.01,4.94
2022-05-29,30.86,0.01,4.96
2022-05-30,30.93,0.01,4.58
2022-05-31,30.9,0.27,4.6
2022-06-01,30.76,0.53,4.12
2022-06-02,30.98,0.19,4.34
2022-06-03,30.87,0.25,4.51
2022-06-04,30.99,0.27,4.22
2022-06-05,31.0,0.12,3.67
2022-06-06,31.06,0.12,3.87
2022-06-07,30.48,1.52,4.05
2022-06-08,30.34,1.23,4.06
2022-06-09,30.24,3.12,3.65
2022-06-10,29.33,11.24,3.27
2022-06-11,27.84,25.37,4.4
2022-06-12,28.33,5.52,4.66
2022-06-13,29.16,1.57,4.85
2022-06-14,29.41,1.62,4.86
2022-06-15,29.06,4.86,4.59
2022-06-16,29.08,9.21,4.28
2022-06-17,28.35,7.5,3.81
2022-06-18,28.68,6.8,4.72
2022-06-19,28.68,29.13,5.65
2022-06-20,28.24,20.72,5.72
2022-06-21,27.9,13.0,5.42
2022-06-22,27.52,22.48,2.72
2022-06-23,27.72,17.38,2.62
2022-06-24,26.87,16.31,2.79
2022-06-25,26.86,5.29,4.02
2022-06-26,27.11,14.31,3.73
2022-06-27,27.15,17.53,5.58
2022-06-28,27.7,14.12,4.79
2022-06-29,27.8,33.66,5.11
2022-06-30,27.27,52.41,5.46
2022-07-01,27.13,67.86,4.93
2022-07-02,27.47,27.73,5.97
2022-07-03,27.41,20.14,6.44
2022-07-04,26.89,63.8,6.42
2022-07-05,26.48,97.61,6.04
2022-07-06,26.8,83.32,6.17
2022-07-07,26.53,54.55,6.26
2022-07-08,26.34,71.1,6.47
2022-07-09,26.34,44.3,6.49
2022-07-10,25.82,57.38,6.17
2022-07-11,25.85,92.15,6.71
2022-07-12,25.62,78.31,6.95
2022-07-13,25.67,97.86,7.34
2022-07-14,25.48,102.07,7.19
2022-07-15,25.9,44.43,7.26
2022-07-16,26.4,34.07,7.44
2022-07-17,26.57,18.55,5.85
2022-07-18,25.68,22.58,4.46
2022-07-19,26.24,32.15,5.37
2022-07-20,26.26,13.99,5.27
2022-07-21,26.26,10.5,4.63
2022-07-22,26.22,6.48,4.08
2022-07-23,26.09,25.04,5.0
2022-07-24,26.13,29.04,5.38
2022-07-25,26.1,17.28,4.79
2022-07-26,26.25,6.35,3.73
2022-07-27,26.21,15.21,2.46
2022-07-28,26.63,13.36,2.12
2022-07-29,26.65,1.53,2.55
2022-07-30,26.76,1.2,2.57
2022-07-31,26.8,2.31,3.04
2022-08-01,27.03,1.84,3.45
2022-08-02,26.58,7.84,3.41
2022-08-03,26.63,10.06,3.35
2022-08-04,26.5,16.52,2.44
2022-08-05,26.64,12.38,3.43
2022-08-06,26.63,15.64,4.83
2022-08-07,26.32,41.89,3.94
2022-08-08,26.27,67.89,6.25
2022-08-09,25.74,63.72,8.53
2022-08-10,26.01,31.77,8.83
2022-08-11,25.82,42.45,9.7
2022-08-12,26.11,19.49,8.83
2022-08-13,26.06,18.71,6.92
2022-08-14,25.89,16.76,6.61
2022-08-15,25.24,38.81,5.81
2022-08-16,25.29,35.62,6.65
2022-08-17,25.86,21.5,6.85
2022-08-18,25.91,13.35,5.3
2022-08-19,25.97,12.82,5.06
2022-08-20,25.95,12.06,5.0
2022-08-21,25.55,8.92,4.7
2022-08-22,25.77,13.02,5.62
2022-08-23,26.15,19.73,5.81
2022-08-24,26.1,11.99,4.87
2022-08-25,25.9,5.61,3.85
2022-08-26,25.72,1.79,2.82
2022-08-27,25.88,0.23,2.5
2022-08-28,25.74,1.29,2.32
2022-08-29,26.2,1.41,2.26
2022-08-30,26.28,2.39,2.66
2022-08-31,26.91,10.34,2.86
2022-09-01,26.45,7.4,2.98
2022-09-02,27.25,4.56,1.91
2022-09-03,27.71,7.92,2.41
2022-09-04,26.81,7.41,2.33
2022-09-05,26.52,9.92,2.62
2022-09-06,26.48,11.6,2.22
2022-09-07,26.59,7.64,3.02
2022-09-08,27.61,77.44,2.01
2022-09-09,28.05,10.26,2.04
2022-09-10,27.36,10.35,1.69
2022-09-11,26.92,23.75,3.71
2022-09-12,25.74,34.64,3.81
2022-09-13,26.11,32.84,5.01
2022-09-14,26.25,29.54,6.05
2022-09-15,26.61,44.49,6.9
2022-09-16,26.2,58.87,4.81
2022-09-17,26.35,33.52,4.57
2022-09-18,25.86,33.66,3.06
2022-09-19,25.67,8.83,3.29
2022-09-20,25.23,7.04,3.21
2022-09-21,25.02,3.56,3.27
2022-09-22,24.93,4.46,2.84
2022-09-23,24.83,7.01,3.15
2022-09-24,25.36,4.36,2.93
2022-09-25,25.53,6.0,2.63
2022-09-26,25.63,3.33,2.3
2022-09-27,25.24,1.82,2.37
2022-09-28,25.37,1.3,2.89
2022-09-29,25.74,8.77,2.97
2022-09-30,26.45,19.04,2.79
2022-10-01,26.27,6.19,2.84
2022-10-02,25.69,2.45,2.59
2022-10-03,25.6,0.22,2.65
2022-10-04,26.0,1.27,2.86
2022-10-05,26.39,1.03,3.27
2022-10-06,25.34,8.62,2.75
2022-10-07,25.62,43.1,4.57
2022-10-08,25.48,14.9,3.31
2022-10-09,26.17,0.57,2.75
2022-10-10,26.45,0.99,1.95
2022-10-11,26.43,16.35,1.97
2022-10-12,26.3,8.97,2.1
2022-10-13,25.84,7.79,3.21
2022-10-14,26.43,26.96,2.74
2022-10-15,25.98,11.55,3.48
2022-10-16,25.71,0.31,3.67
2022-10-17,27.15,7.19,2.59
2022-10-18,26.12,14.15,1.58
2022-10-19,26.61,2.32,1.9
2022-10-20,26.62,3.2,2.18
2022-10-21,27.04,10.32,3.06
2022-10-22,25.68,0.16,3.84
2022-10-23,23.69,0.0,3.99
2022-10-24,23.86,0.0,2.7
2022-10-25,23.93,0.0,2.25
2022-10-26,23.73,0.0,2.84
2022-10-27,23.8,0.0,3.06
2022-10-28,23.39,0.0,3.45
2022-10-29,23.02,0.0,4.11
2022-10-30,23.43,0.0,4.02
2022-10-31,23.84,0.0,3.65
2022-11-01,23.16,0.0,3.69
2022-11-02,23.33,0.0,3.61
2022-11-03,23.42,0.0,4.14
2022-11-04,23.32,0.0,3.89
2022-11-05,23.81,0.0,4.05
2022-11-06,24.19,0.0,3.77
2022-11-07,24.29,0.0,2.91
2022-11-08,24.52,0.0,2.61
2022-11-09,24.71,0.0,2.24
2022-11-10,23.74,0.0,3.78
2022-11-11,23.31,0.0,4.14
2022-11-12,23.67,0.12,4.2
2022-11-13,23.47,0.61,3.85
2022-11-14,23.84,0.0,2.91
2022-11-15,23.7,0.0,2.84
2022-11-16,22.94,0.0,2.98
2022-11-17,22.3,0.0,3.85
2022-11-18,21.78,0.0,4.06
2022-11-19,21.74,0.0,4.3
2022-11-20,20.25,0.0,4.2
2022-11-21,20.47,0.0,3.57
2022-11-22,21.81,0.01,3.25
2022-11-23,23.24,0.0,3.25
2022-11-24,23.4,0.0,3.2
2022-11-25,24.42,0.0,3.24
2022-11-26,24.65,0.0,2.74
2022-11-27,24.02,0.0,2.67
2022-11-28,23.55,0.0,2.24
2022-11-29,22.78,0.0,2.56
2022-11-30,23.2,0.0,3.14
2022-12-01,22.89,0.0,3.32
2022-12-02,22.96,0.0,2.91
2022-12-03,24.24,0.0,2.49
2022-12-04,25.5,0.0,2.33
2022-12-05,25.81,0.01,2.3
2022-12-06,24.84,0.01,2.87
2022-12-07,24.1,0.0,3.18
2022-12-08,22.06,1.71,3.93
2022-12-09,20.37,1.44,4.12
2022-12-10,21.19,0.0,3.37
2022-12-11,23.98,0.0,2.92
2022-12-12,25.69,0.12,2.66
2022-12-13,26.21,0.17,2.94
2022-12-14,24.88,1.14,3.22
2022-12-15,25.27,0.82,2.85
2022-12-16,26.2,0.04,2.93
2022-12-17,26.32,0.01,2.97
2022-12-18,25.77,0.0,3.27
2022-12-19,24.42,0.0,3.41
2022-12-20,23.82,0.0,3.34
2022-12-21,23.84,0.0,3.34
2022-12-22,23.93,0.0,2.81
2022-12-23,22.57,0.0,2.82
2022-12-24,21.04,0.0,2.76
2022-12-25,20.7,0.0,2.17
2022-12-26,21.98,0.0,2.22
2022-12-27,23.67,0.0,2.8
2022-12-28,24.05,0.0,2.71
2022-12-29,23.72,0.0,2.48
2022-12-30,23.19,0.0,2.81
2022-12-31,22.37,0.0,3.2
2023-01-01,21.71,0.0,2.82
2023-01-02,22.37,0.0,3.26
2023-01-03,22.26,0.0,3.41
2023-01-04,22.41,0.0,3.04
2023-01-05,23.5,0.0,3.98
2023-01-06,24.58,0.0,3.9
2023-01-07,24.68,0.0,3.56
2023-01-08,23.39,0.0,3.53
2023-01-09,22.02,0.0,3.69
2023-01-10,22.6,0.0,3.34
2023-01-11,22.18,0.0,3.18
2023-01-12,21.14,0.0,2.65
2023-01-13,20.43,0.0,2.74
2023-01-14,19.58,0.0,2.94
2023-01-15,19.92,0.0,2.69
2023-01-16,20.62,0.0,2.28
2023-01-17,20.51,0.0,2.34
2023-01-18,21.96,0.0,2.57
2023-01-19,22.82,0.0,2.94
2023-01-20,23.03,0.0,2.06
2023-01-21,22.08,0.0,2.4
2023-01-22,20.79,0.0,2.7
2023-01-23,20.24,0.0,3.01
2023-01-24,19.56,0.0,2.82
2023-01-25,20.0,0.0,3.38
2023-01-26,21.83,0.0,2.93
2023-01-27,25.15,0.0,3.24
2023-01-28,24.97,0.02,3.85
2023-01-29,23.98,0.15,2.06
2023-01-30,23.32,0.01,2.58
2023-01-31,24.44,0.0,3.66
2023-02-01,25.45,0.18,4.37
2023-02-02,25.3,0.01,4.19
2023-02-03,24.33,0.0,3.74
2023-02-04,24.42,0.0,3.0
2023-02-05,24.39,0.0,3.16
2023-02-06,23.83,0.0,3.14
2023-02-07,23.56,0.0,3.3
2023-02-08,24.91,0.0,3.26
2023-02-09,25.9,0.0,3.73
2023-02-10,25.86,0.0,3.17
2023-02-11,25.24,0.0,3.4
2023-02-12,26.34,0.0,4.19
2023-02-13,26.4,0.0,4.31
2023-02-14,26.53,0.0,4.07
2023-02-15,26.88,0.0,3.54
2023-02-16,27.73,0.0,4.11
2023-02-17,28.16,0.0,4.1
2023-02-18,28.17,0.0,3.92
2023-02-19,28.19,0.0,3.68
2023-02-20,27.13,0.0,2.87
2023-02-21,26.74,0.0,3.14
2023-02-22,26.76,0.0,3.26
2023-02-23,27.61,0.0,3.19
2023-02-24,28.38,0.0,3.53
2023-02-25,28.21,0.0,3.45
2023-02-26,28.29,0.0,3.8
2023-02-27,28.1,0.0,3.62
2023-02-28,28.02,0.0,3.13
2023-03-01,28.53,0.0,2.74
2023-03-02,29.63,0.0,2.94
2023-03-03,30.26,0.0,2.63
2023-03-04,30.39,0.0,2.68
2023-03-05,30.13,0.12,2.63
2023-03-06,30.05,2.44,2.97
2023-03-07,29.31,0.9,3.51
2023-03-08,29.41,0.02,3.1
2023-03-09,29.78,0.0,4.03
2023-03-10,29.38,0.0,4.12
2023-03-11,30.16,0.0,3.44
2023-03-12,31.17,0.0,2.86
2023-03-13,30.93,0.0,3.13
2023-03-14,30.79,0.0,2.57
2023-03-15,30.23,0.32,2.45
2023-03-16,28.38,0.86,2.38
2023-03-17,28.37,1.08,2.85
2023-03-18,27.81,0.87,2.75
2023-03-19,26.5,0.67,2.79
2023-03-20,26.23,1.23,3.24
2023-03-21,26.27,7.46,2.62
2023-03-22,26.16,0.01,2.87
2023-03-23,26.17,0.0,3.27
2023-03-24,26.68,0.0,3.52
2023-03-25,25.49,0.0,3.26
2023-03-26,25.57,0.0,3.34
2023-03-27,26.34,0.0,2.95
2023-03-28,27.29,0.02,2.75
2023-03-29,27.24,0.0,2.82
2023-03-30,27.15,0.0,2.56
2023-03-31,27.04,0.03,3.37
2023-04-01,27.44,0.0,3.37
2023-04-02,27.5,0.0,3.12
2023-04-03,27.73,0.0,2.88
2023-04-04,28.62,0.0,2.89
2023-04-05,29.25,0.03,2.99
2023-04-06,30.05,0.18,3.58
2023-04-07,31.86,0.28,3.13
2023-04-08,32.67,0.03,3.05
2023-04-09,32.36,0.5,2.84
2023-04-10,33.21,0.07,3.23
2023-04-11,32.95,0.09,2.74
2023-04-12,33.5,1.31,3.43
2023-04-13,34.17,0.12,3.4
2023-04-14,31.44,2.29,2.34
2023-04-15,31.65,0.55,2.61
2023-04-16,31.59,0.7,2.63
2023-04-17,31.14,0.14,2.95
2023-04-18,32.98,0.24,3.56
2023-04-19,33.59,0.28,3.64
2023-04-20,31.4,0.76,3.3
2023-04-21,29.66,0.08,3.22
2023-04-22,28.93,0.0,3.18
2023-04-23,29.47,0.0,3.49
2023-04-24,30.57,0.0,2.85
2023-04-25,31.69,0.0,3.18
2023-04-26,29.1,0.31,3.21
2023-04-27,29.79,0.16,2.49
2023-04-28,30.01,0.21,2.84
2023-04-29,29.62,0.26,2.73
2023-04-30,28.91,0.77,3.18
2023-05-01,29.29,0.01,2.97
2023-05-02,29.38,1.54,2.58
2023-05-03,29.62,0.28,3.23
2023-05-04,29.91,0.16,2.84
2023-05-05,30.04,0.05,2.92
2023-05-06,30.51,0.09,3.42
2023-05-07,30.57,0.25,3.2
2023-05-08,31.35,0.83,3.25
2023-05-09,32.44,0.66,3.09
2023-05-10,33.14,0.17,3.06
2023-05-11,33.0,0.06,2.59
2023-05-12,32.45,0.01,2.93
2023-05-13,32.42,0.0,3.25
2023-05-14,31.72,0.0,3.38
2023-05-15,31.18,0.01,3.47
2023-05-16,31.02,0.03,3.63
2023-05-17,31.6,0.02,3.64
2023-05-18,31.76,0.01,3.39
2023-05-19,31.92,0.01,3.23
2023-05-20,31.27,0.03,3.07
2023-05-21,31.34,0.16,3.24
2023-05-22,31.53,0.27,3.28
2023-05-23,31.64,0.03,3.23
2023-05-24,31.24,0.12,3.56
2023-05-25,30.8,0.34,4.04
2023-05-26,30.95,2.23,4.29
2023-05-27,30.62,0.77,4.23
2023-05-28,31.19,0.57,3.88
2023-05-29,31.68,0.86,3.53
2023-05-30,32.15,1.41,3.31
2023-05-31,32.29,0.46,2.87
2023-06-01,31.81,0.45,3.42
2023-06-02,30.79,0.99,3.74
2023-06-03,30.26,1.59,3.25
2023-06-04,30.3,3.67,2.98
2023-06-05,29.85,2.68,2.86
2023-06-06,30.8,0.2,3.07
2023-06-07,30.67,0.18,3.06
2023-06-08,31.32,0.13,2.78
2023-06-09,30.84,2.95,3.95
2023-06-10,30.89,3.67,5.91
2023-06-11,31.08,0.67,7.59
2023-06-12,31.06,6.14,8.72
2023-06-13,30.41,2.62,7.81
2023-06-14,30.44,10.22,7.86
2023-06-15,30.3,3.32,7.96
2023-06-16,30.27,2.52,8.69
2023-06-17,29.98,1.75,7.17
2023-06-18,29.82,0.6,5.59
2023-06-19,29.93,0.3,4.66
2023-06-20,30.1,0.37,4.55
2023-06-21,29.99,0.38,4.09
2023-06-22,29.93,1.49,3.95
2023-06-23,29.89,2.76,3.94
2023-06-24,28.09,55.03,3.77
2023-06-25,27.97,48.76,3.09
2023-06-26,27.25,60.95,3.76
2023-06-27,26.25,64.05,3.27
2023-06-28,27.11,55.61,6.17
2023-06-29,26.83,20.18,5.91
2023-06-30,26.79,98.85,6.1
2023-07-01,27.0,37.16,6.09
2023-07-02,27.56,26.88,5.68
2023-07-03,27.63,40.78,4.89
2023-07-04,27.26,33.35,4.14
2023-07-05,27.05,18.17,4.21
2023-07-06,26.59,41.31,4.3
2023-07-07,27.11,58.42,6.76
2023-07-08,27.09,24.86,7.02
2023-07-09,26.84,13.56,6.38
2023-07-10,26.98,6.49,5.13
2023-07-11,26.95,5.06,4.51
2023-07-12,27.05,8.38,3.67
2023-07-13,27.02,23.03,3.65
2023-07-14,27.05,30.68,4.31
2023-07-15,27.03,14.66,4.78
2023-07-16,26.84,25.31,4.68
2023-07-17,26.91,52.73,5.42
2023-07-18,26.62,129.54,6.63
2023-07-19,26.36,136.7,6.88
2023-07-20,26.23,63.91,6.94
2023-07-21,25.9,78.36,5.6
2023-07-22,25.89,60.22,5.88
2023-07-23,26.51,48.71,6.75
2023-07-24,26.58,61.74,6.44
2023-07-25,26.07,60.93,5.22
2023-07-26,26.16,112.09,5.63
2023-07-27,26.18,80.52,6.17
2023-07-28,26.27,52.54,6.07
2023-07-29,26.31,25.27,5.9
2023-07-30,26.2,18.35,5.73
2023-07-31,26.45,15.75,6.09
2023-08-01,26.35,16.14,6.37
2023-08-02,26.03,7.61,6.04
2023-08-03,26.02,5.84,5.82
2023-08-04,26.36,13.43,6.15
2023-08-05,26.13,8.19,5.5
2023-08-06,26.06,5.59,5.72
2023-08-07,25.96,3.39,5.57
2023-08-08,26.17,4.73,5.42
2023-08-09,26.12,5.86,4.37
2023-08-10,26.0,9.57,4.03
2023-08-11,26.32,4.05,3.95
2023-08-12,26.13,4.83,4.32
2023-08-13,25.74,5.99,4.56
2023-08-14,25.92,2.91,4.58
2023-08-15,26.09,2.44,4.27
2023-08-16,26.13,3.93,3.86
2023-08-17,26.2,2.77,3.97
2023-08-18,26.09,2.64,4.17
2023-08-19,26.44,6.83,4.59
2023-08-20,26.32,8.01,4.53
2023-08-21,26.13,4.27,3.74
2023-08-22,26.19,9.25,3.76
2023-08-23,26.32,6.84,3.84
2023-08-24,26.7,12.16,4.37
2023-08-25,26.95,17.75,4.55
2023-08-26,26.81,19.21,4.69
2023-08-27,26.79,18.6,4.35
2023-08-28,26.22,10.12,3.48
2023-08-29,26.37,1.43,2.83
2023-08-30,26.58,0.25,2.16
2023-08-31,26.63,0.28,2.25
2023-09-01,26.94,10.61,2.43
2023-09-02,25.86,23.17,2.87
2023-09-03,26.19,3.75,2.85
2023-09-04,26.06,1.19,3.21
2023-09-05,26.16,0.67,2.97
2023-09-06,26.25,3.23,3.69
2023-09-07,25.75,69.38,4.84
2023-09-08,26.26,66.91,5.44
2023-09-09,26.76,14.62,4.66
2023-09-10,27.02,5.8,3.98
2023-09-11,26.87,3.58,4.28
2023-09-12,26.54,1.38,3.51
2023-09-13,26.31,4.79,3.54
2023-09-14,26.48,6.99,2.63
2023-09-15,26.66,2.06,2.71
2023-09-16,26.63,7.68,4.01
2023-09-17,27.13,9.28,4.93
2023-09-18,27.14,16.68,5.37
2023-09-19,27.13,12.85,5.05
2023-09-20,27.19,18.3,4.59
2023-09-21,26.93,31.49,2.91
2023-09-22,26.7,17.51,2.32
2023-09-23,26.13,32.05,2.54
2023-09-24,25.92,13.16,2.63
2023-09-25,26.02,14.84,2.75
2023-09-26,26.09,19.45,2.34
2023-09-27,26.76,20.73,3.05
2023-09-28,27.18,17.43,2.82
2023-09-29,27.71,16.05,2.87
2023-09-30,27.24,18.01,3.1
2023-10-01,26.72,13.51,3.25
2023-10-02,26.33,10.45,2.64
2023-10-03,26.24,0.01,2.0
2023-10-04,26.26,0.0,2.06
2023-10-05,25.82,0.01,2.34
2023-10-06,26.09,0.04,2.11
2023-10-07,26.49,0.0,2.29
2023-10-08,27.15,0.0,2.28
2023-10-09,26.84,0.0,2.56
2023-10-10,25.99,0.0,2.97
2023-10-11,26.17,0.0,2.46
2023-10-12,27.44,0.0,2.29
2023-10-13,27.74,0.05,2.61
2023-10-14,27.78,0.08,2.02
2023-10-15,27.44,0.21,2.29
2023-10-16,27.76,0.4,2.07
2023-10-17,27.63,0.45,2.12
2023-10-18,26.96,0.04,3.11
2023-10-19,27.04,0.01,2.58
2023-10-20,27.72,0.02,2.35
2023-10-21,27.46,0.01,2.71
2023-10-22,27.48,0.05,2.37
2023-10-23,26.83,0.0,2.67
2023-10-24,26.68,0.0,2.82
2023-10-25,25.92,0.0,3.3
2023-10-26,25.32,0.0,3.78
2023-10-27,24.73,0.0,3.47
2023-10-28,25.12,0.0,3.03
2023-10-29,25.26,0.0,2.77
2023-10-30,25.0,0.0,3.46
2023-10-31,24.78,0.0,3.43
2023-11-01,24.59,0.0,3.46
2023-11-02,24.93,0.0,3.06
2023-11-03,25.31,0.0,3.31
2023-11-04,25.78,0.0,3.85
2023-11-05,26.29,0.01,3.53
2023-11-06,25.16,0.01,4.06
2023-11-07,25.66,0.0,3.16
2023-11-08,26.07,3.53,2.84
2023-11-09,26.56,0.72,1.9
2023-11-10,25.68,11.2,2.72
2023-11-11,26.08,1.33,3.29
2023-11-12,25.8,0.0,3.97
2023-11-13,24.98,0.0,3.66
2023-11-14,24.93,0.0,2.92
2023-11-15,24.24,0.0,2.84
2023-11-16,24.22,0.0,3.08
2023-11-17,23.92,0.0,3.35
2023-11-18,24.09,0.0,2.99
2023-11-19,25.35,0.0,2.57
2023-11-20,26.39,0.0,3.05
2023-11-21,25.02,0.0,3.38
2023-11-22,23.82,0.0,3.59
2023-11-23,24.2,0.0,3.02
2023-11-24,26.14,0.01,3.15
2023-11-25,26.83,1.59,3.28
2023-11-26,25.79,6.62,3.47
2023-11-27,25.65,5.52,2.28
2023-11-28,24.31,0.08,2.14
2023-11-29,23.3,0.0,2.07
2023-11-30,23.86,0.08,2.13
2023-12-01,23.68,0.09,2.07
2023-12-02,24.91,0.04,2.65
2023-12-03,25.47,0.0,3.13
2023-12-04,26.11,0.02,2.82
2023-12-05,25.52,0.0,2.85
2023-12-06,24.57,0.0,3.54
2023-12-07,24.46,0.01,2.61
2023-12-08,24.19,0.0,2.79
2023-12-09,24.72,0.0,2.47
2023-12-10,24.51,0.0,2.71
2023-12-11,24.28,0.0,2.32
2023-12-12,23.46,0.0,2.3
2023-12-13,23.86,0.0,2.32
2023-12-14,24.02,0.0,3.71
2023-12-15,23.45,0.0,3.52
2023-12-16,22.55,0.0,2.47
2023-12-17,23.55,0.05,3.37
2023-12-18,23.24,0.33,5.64
2023-12-19,23.03,0.0,5.33
2023-12-20,21.87,0.0,4.17
2023-12-21,21.79,0.0,3.94
2023-12-22,23.51,0.0,2.72
2023-12-23,24.49,0.0,2.88
2023-12-24,24.22,0.0,3.76
2023-12-25,24.49,0.0,3.86
2023-12-26,24.08,0.0,3.48
2023-12-27,24.13,0.0,3.5
2023-12-28,24.29,0.0,3.31
2023-12-29,25.22,0.0,2.75
2023-12-30,24.94,0.0,3.12
2023-12-31,25.07,0.0,2.82
2024-01-01,24.68,0.0,2.66
2024-01-02,24.09,0.0,2.65
2024-01-03,23.56,0.0,3.0
2024-01-04,22.72,0.0,2.48
2024-01-05,21.44,0.0,2.6
2024-01-06,23.06,0.0,3.3
2024-01-07,24.34,0.02,3.41
2024-01-08,26.04,0.05,3.81
2024-01-09,25.73,0.98,3.23
2024-01-10,25.92,0.02,2.77
2024-01-11,26.68,0.0,2.71
2024-01-12,26.46,0.0,3.59
2024-01-13,26.0,0.0,3.44
2024-01-14,24.57,0.0,3.51
2024-01-15,22.46,0.0,3.51
2024-01-16,21.47,0.0,2.62
2024-01-17,21.76,0.0,2.28
2024-01-18,22.0,0.0,2.22
2024-01-19,22.18,0.0,2.57
2024-01-20,22.66,0.0,2.29
2024-01-21,22.93,0.0,2.77
2024-01-22,23.03,0.0,3.82
2024-01-23,21.87,0.0,3.99
2024-01-24,21.74,0.0,3.56
2024-01-25,22.39,0.0,3.58
2024-01-26,23.54,0.0,3.67
2024-01-27,24.88,0.0,3.01
2024-01-28,24.99,0.0,3.05
2024-01-29,24.95,0.0,3.06
2024-01-30,24.42,0.0,3.02
2024-01-31,24.11,0.0,2.57
2024-02-01,23.02,0.04,2.56
2024-02-02,23.82,0.0,3.05
2024-02-03,26.23,0.0,3.65
2024-02-04,27.23,0.0,3.05
2024-02-05,27.02,0.0,2.72
2024-02-06,26.68,0.0,2.72
2024-02-07,26.43,0.0,3.33
2024-02-08,26.32,0.0,3.45
2024-02-09,26.04,0.0,2.97
2024-02-10,25.17,0.0,3.22
2024-02-11,24.96,0.0,2.93
2024-02-12,25.42,0.0,2.69
2024-02-13,25.08,0.0,2.84
2024-02-14,25.71,0.0,3.8
2024-02-15,26.63,0.0,3.33
2024-02-16,28.04,0.0,3.37
2024-02-17,28.61,0.0,2.65
2024-02-18,28.23,0.0,2.33
2024-02-19,27.57,0.0,2.29
2024-02-20,26.05,0.0,3.05
2024-02-21,25.18,0.0,2.79
2024-02-22,25.0,0.0,2.85
2024-02-23,24.63,0.0,2.97
2024-02-24,24.68,0.0,3.7
2024-02-25,25.28,0.0,3.5
2024-02-26,28.0,0.0,3.16
2024-02-27,29.1,0.01,2.57
2024-02-28,30.16,0.0,3.17
2024-02-29,30.79,0.18,2.66
2024-03-01,30.23,0.95,2.29
2024-03-02,27.82,0.37,3.26
2024-03-03,25.06,0.09,4.2
2024-03-04,24.15,0.0,3.25
2024-03-05,24.8,0.0,3.03
2024-03-06,25.53,0.0,2.72
2024-03-07,27.12,0.0,3.49
2024-03-08,28.4,0.0,4.14
2024-03-09,28.74,0.0,3.55
2024-03-10,28.33,0.0,2.99
2024-03-11,28.96,0.02,3.44
2024-03-12,28.98,0.03,3.42
2024-03-13,27.69,0.0,3.39
2024-03-14,26.78,0.0,3.2
2024-03-15,25.92,0.0,2.59
2024-03-16,26.32,0.0,2.43
2024-03-17,27.28,0.0,2.18
2024-03-18,27.84,0.0,2.36
2024-03-19,28.27,0.08,3.05
2024-03-20,29.79,0.02,3.74
2024-03-21,30.21,0.01,3.35
2024-03-22,29.91,0.1,2.38
2024-03-23,29.45,0.02,3.04
2024-03-24,29.98,0.0,2.78
2024-03-25,30.2,0.01,3.05
2024-03-26,30.35,0.02,2.38
2024-03-27,30.76,0.06,2.52
2024-03-28,30.72,0.03,2.54
2024-03-29,31.67,0.25,2.63
2024-03-30,31.01,0.01,3.1
2024-03-31,31.52,0.01,3.16
2024-04-01,30.76,0.0,3.11
2024-04-02,30.07,0.0,2.78
2024-04-03,30.32,0.0,2.58
2024-04-04,30.61,0.0,3.27
2024-04-05,31.18,0.19,3.32
2024-04-06,31.6,0.43,3.78
2024-04-07,30.77,0.0,3.49
2024-04-08,30.63,0.0,2.6
2024-04-09,30.93,0.01,2.2
2024-04-10,31.09,0.01,2.66
2024-04-11,31.32,0.01,2.79
2024-04-12,31.09,0.01,2.47
2024-04-13,29.92,0.0,2.51
2024-04-14,30.47,0.02,2.67
2024-04-15,33.32,0.02,2.96
2024-04-16,36.44,0.02,4.05
2024-04-17,35.49,0.01,3.08
2024-04-18,33.91,0.07,2.99
2024-04-19,33.06,0.05,3.67
2024-04-20,32.52,0.31,3.29
2024-04-21,31.63,0.77,3.79
2024-04-22,31.65,0.16,3.35
2024-04-23,31.49,0.0,3.31
2024-04-24,31.55,0.33,2.84
2024-04-25,32.35,0.21,2.93
2024-04-26,32.9,0.41,3.72
2024-04-27,33.98,0.22,3.24
2024-04-28,34.83,0.03,3.52
2024-04-29,34.4,0.01,3.87
2024-04-30,33.84,0.03,3.4
2024-05-01,32.15,0.0,3.18
2024-05-02,31.45,0.0,2.67
2024-05-03,30.95,0.0,2.98
2024-05-04,31.18,0.01,3.15
2024-05-05,32.39,0.04,3.54
2024-05-06,31.72,0.07,3.75
2024-05-07,31.68,0.06,3.44
2024-05-08,31.9,0.12,3.07
2024-05-09,31.33,0.1,3.05
2024-05-10,31.95,1.41,2.99
2024-05-11,32.5,4.43,3.38
2024-05-12,31.4,7.3,2.19
2024-05-13,32.3,3.05,1.98
2024-05-14,32.33,5.09,3.13
2024-05-15,32.26,8.77,2.04
2024-05-16,33.03,2.38,2.21
2024-05-17,32.1,1.55,2.19
2024-05-18,32.94,0.71,2.21
2024-05-19,33.15,0.86,2.48
2024-05-20,32.85,1.12,2.81
2024-05-21,32.49,0.76,3.03
2024-05-22,33.21,0.82,2.93
2024-05-23,33.46,0.19,2.93
2024-05-24,32.49,0.05,3.4
2024-05-25,31.72,0.13,4.2
2024-05-26,31.72,0.16,4.32
2024-05-27,31.81,0.05,4.89
2024-05-28,32.13,0.07,5.26
2024-05-29,31.96,0.19,4.91
2024-05-30,32.05,0.13,4.36
2024-05-31,32.31,0.11,3.82
2024-06-01,32.53,0.23,4.04
2024-06-02,32.38,0.29,3.5
2024-06-03,31.6,5.19,3.3
2024-06-04,30.87,7.05,2.58
2024-06-05,30.86,4.87,2.9
2024-06-06,31.05,2.85,3.19
2024-06-07,30.42,2.26,3.12
2024-06-08,29.23,23.64,3.26
2024-06-09,28.34,30.5,2.74
2024-06-10,28.59,20.5,2.85
2024-06-11,28.42,7.2,3.39
2024-06-12,29.08,5.78,3.84
2024-06-13,29.49,15.41,3.85
2024-06-14,29.24,14.07,3.88
2024-06-15,29.6,3.19,3.5
2024-06-16,29.55,2.12,2.61
2024-06-17,29.24,4.3,3.24
2024-06-18,28.68,16.5,3.91
2024-06-19,28.79,22.81,5.4
2024-06-20,28.83,32.23,5.94
2024-06-21,29.34,16.57,5.12
2024-06-22,29.62,12.65,3.31
2024-06-23,28.7,13.84,2.82
2024-06-24,29.0,11.49,2.81
2024-06-25,28.36,4.34,3.33
2024-06-26,27.95,20.03,3.81
2024-06-27,27.85,39.71,8.18
2024-06-28,27.41,42.02,8.29
2024-06-29,28.45,20.19,6.36
2024-06-30,28.24,12.74,6.79
2024-07-01,28.34,23.8,8.88
2024-07-02,28.15,25.75,8.8
2024-07-03,28.36,6.79,7.05
2024-07-04,28.05,13.04,6.02
2024-07-05,28.0,18.03,6.63
2024-07-06,28.03,39.52,7.35
2024-07-07,27.82,58.64,5.6
2024-07-08,27.57,56.74,4.57
2024-07-09,26.81,40.59,3.69
2024-07-10,26.64,13.21,3.5
2024-07-11,27.37,20.43,4.36
2024-07-12,27.18,80.45,5.13
2024-07-13,27.02,92.31,7.05
2024-07-14,27.19,53.06,5.78
2024-07-15,27.1,30.52,3.11
2024-07-16,25.83,9.37,3.16
2024-07-17,26.79,25.98,6.19
2024-07-18,26.76,48.74,7.07
2024-07-19,26.71,43.23,6.85
2024-07-20,26.47,69.62,6.74
2024-07-21,26.69,87.64,5.95
2024-07-22,26.29,70.85,6.19
2024-07-23,26.54,61.65,6.66
2024-07-24,26.42,67.36,6.73
2024-07-25,25.95,142.54,7.29
2024-07-26,26.44,21.55,7.28
2024-07-27,26.48,13.78,6.52
2024-07-28,26.18,28.97,6.02
2024-07-29,26.35,41.28,5.69
2024-07-30,26.82,33.89,5.39
2024-07-31,27.03,21.69,4.83
2024-08-01,26.74,28.05,5.88
2024-08-02,26.3,33.26,6.56
2024-08-03,26.01,103.94,7.56
2024-08-04,25.98,41.18,6.23
2024-08-05,26.38,19.7,5.81
2024-08-06,26.34,17.03,5.13
2024-08-07,26.55,11.21,4.4
2024-08-08,26.54,8.99,4.33
2024-08-09,26.75,11.6,4.22
2024-08-10,26.63,9.25,3.96
2024-08-11,26.53,8.32,4.37
2024-08-12,26.79,3.94,4.08
2024-08-13,26.97,2.71,3.33
2024-08-14,27.08,1.02,2.64
2024-08-15,27.09,0.64,2.77
2024-08-16,27.24,1.28,2.59
2024-08-17,27.47,20.13,1.78
2024-08-18,27.39,42.32,2.6
2024-08-19,26.87,19.39,2.96
2024-08-20,27.19,5.64,2.95
2024-08-21,27.66,2.15,2.06
2024-08-22,27.83,3.98,1.61
2024-08-23,27.73,15.2,2.15
2024-08-24,26.4,67.52,4.21
2024-08-25,26.29,58.74,6.09
2024-08-26,26.5,34.42,6.64
2024-08-27,26.63,23.38,7.83
2024-08-28,26.6,15.4,7.3
2024-08-29,26.75,7.8,6.48
2024-08-30,26.84,7.34,4.71
2024-08-31,26.49,3.64,3.25
2024-09-01,26.25,2.75,3.18
2024-09-02,25.49,21.39,3.38
2024-09-03,25.13,13.67,2.3
2024-09-04,26.79,15.46,5.05
2024-09-05,26.82,21.4,5.19
2024-09-06,26.79,14.01,5.07
2024-09-07,26.54,16.13,3.95
2024-09-08,26.49,6.61,3.42
2024-09-09,26.79,9.06,3.27
2024-09-10,26.55,8.47,3.4
2024-09-11,26.4,9.33,3.77
2024-09-12,26.39,6.03,4.13
2024-09-13,25.8,2.91,3.6
2024-09-14,26.21,10.11,3.76
2024-09-15,26.39,11.88,3.47
2024-09-16,26.27,3.16,2.23
2024-09-17,25.76,2.3,2.81
2024-09-18,26.0,0.99,1.79
2024-09-19,26.17,0.1,1.56
2024-09-20,26.69,0.29,1.75
2024-09-21,26.57,0.48,2.77
2024-09-22,26.78,8.46,3.65
2024-09-23,27.19,22.04,3.46
2024-09-24,26.73,45.96,4.76
2024-09-25,26.49,70.9,5.03
2024-09-26,26.37,74.73,3.58
2024-09-27,26.27,66.92,5.35
2024-09-28,26.42,9.71,3.66
2024-09-29,26.23,4.17,2.77
2024-09-30,27.33,1.09,1.44
2024-10-01,27.9,0.5,2.0
2024-10-02,27.7,2.4,2.11
2024-10-03,27.26,1.13,1.96
2024-10-04,26.61,0.18,2.2
2024-10-05,26.81,0.04,1.88
2024-10-06,27.57,6.54,2.45
2024-10-07,27.97,0.39,3.15
2024-10-08,27.62,2.08,2.77
2024-10-09,26.2,7.3,2.29
2024-10-10,26.99,43.1,2.72
2024-10-11,27.61,34.61,2.98
2024-10-12,28.12,1.62,2.73
2024-10-13,28.33,34.7,1.79
2024-10-14,28.37,5.03,2.24
2024-10-15,27.96,9.34,2.17
2024-10-16,28.32,6.89,2.07
2024-10-17,27.86,3.83,2.5
2024-10-18,27.45,6.57,3.02
2024-10-19,26.97,7.19,1.9
2024-10-20,27.86,11.86,1.78
2024-10-21,26.63,1.25,2.49
2024-10-22,27.75,4.38,2.04
2024-10-23,27.64,1.97,2.43
2024-10-24,27.14,0.03,2.78
2024-10-25,26.19,0.0,3.02
2024-10-26,25.64,0.0,3.25
2024-10-27,25.39,0.0,2.66
2024-10-28,26.2,0.0,2.0
2024-10-29,26.55,0.97,2.19
2024-10-30,26.81,0.84,2.26
2024-10-31,26.97,0.04,3.0
2024-11-01,26.46,0.01,3.23
2024-11-02,26.0,0.0,3.41
2024-11-03,25.41,0.0,3.34
2024-11-04,25.66,0.0,3.33
2024-11-05,25.49,0.0,3.33
2024-11-06,25.21,0.0,3.5
2024-11-07,24.71,0.0,3.82
2024-11-08,25.03,0.0,3.59
2024-11-09,24.93,0.0,3.6
2024-11-10,24.86,0.0,3.4
2024-11-11,24.12,0.0,3.6
2024-11-12,23.46,0.0,4.09
2024-11-13,23.67,0.0,3.97
2024-11-14,24.65,0.0,4.02
2024-11-15,25.4,0.45,3.08
2024-11-16,26.6,0.05,2.16
2024-11-17,25.51,0.0,3.65
2024-11-18,23.24,0.01,4.27
2024-11-19,22.21,0.0,4.19
2024-11-20,22.0,0.0,4.08
2024-11-21,22.25,0.0,3.17
2024-11-22,22.62,0.0,2.84
2024-11-23,22.92,0.0,2.44
2024-11-24,22.82,0.0,2.6
2024-11-25,22.2,0.0,3.75
2024-11-26,21.17,0.0,4.63
2024-11-27,20.93,0.0,4.74
2024-11-28,20.65,0.01,5.04
2024-11-29,20.11,0.06,4.47
2024-11-30,21.33,0.0,3.68
2024-12-01,23.6,0.02,3.09
2024-12-02,25.36,0.24,3.4
2024-12-03,26.48,1.14,3.7
2024-12-04,26.73,2.52,3.05
2024-12-05,26.72,0.21,3.05
2024-12-06,26.42,0.02,2.35
2024-12-07,24.28,0.0,3.05
2024-12-08,21.71,0.0,3.07
2024-12-09,19.77,0.0,3.95
2024-12-10,20.98,0.0,4.07
2024-12-11,22.4,0.0,3.32
2024-12-12,22.05,0.0,2.75
2024-12-13,21.3,0.0,4.82
2024-12-14,20.8,0.17,4.98
2024-12-15,21.25,0.23,4.42
2024-12-16,21.04,0.0,4.01
2024-12-17,21.06,0.0,3.12
2024-12-18,21.49,0.0,2.83
2024-12-19,21.43,0.0,3.05
2024-12-20,21.72,0.0,2.13
2024-12-21,21.95,0.0,2.23
2024-12-22,22.25,0.02,2.31
2024-12-23,22.07,0.01,2.57
2024-12-24,21.69,0.0,2.83
2024-12-25,21.98,0.0,2.41
2024-12-26,22.68,0.0,2.61
2024-12-27,23.32,0.01,2.68
2024-12-28,23.93,0.48,2.44
2024-12-29,24.68,0.04,2.69
2024-12-30,24.62,0.0,3.09
2024-12-31,24.68,0.0,3.18
2025-01-01,24.25,0.0,3.17
2025-01-02,24.18,0.0,3.56
2025-01-03,22.78,1.2,4.12
2025-01-04,22.4,0.0,3.58
2025-01-05,22.43,0.0,2.44
2025-01-06,21.63,0.0,3.17
2025-01-07,22.27,0.0,3.26
2025-01-08,22.38,0.02,3.96
2025-01-09,22.55,0.0,3.88
2025-01-10,22.74,0.0,3.41
2025-01-11,22.49,0.0,2.57
2025-01-12,22.18,0.0,2.99
2025-01-13,23.7,0.0,3.8
2025-01-14,24.32,0.0,3.35
2025-01-15,24.73,0.0,2.91
2025-01-16,24.19,0.0,2.55
2025-01-17,24.94,0.0,4.23
2025-01-18,24.64,0.0,4.66
2025-01-19,24.09,0.0,3.72
2025-01-20,24.24,0.0,3.35
2025-01-21,23.72,0.0,3.02
2025-01-22,23.63,0.0,2.8
2025-01-23,23.4,0.0,3.07
2025-01-24,24.75,0.0,3.39
2025-01-25,26.19,0.0,3.49
2025-01-26,26.44,0.0,3.3
2025-01-27,26.02,0.0,2.85
2025-01-28,25.55,0.0,2.28
2025-01-29,25.52,0.0,2.46
2025-01-30,24.91,0.0,2.89
2025-01-31,23.58,0.0,2.76
2025-02-01,23.02,0.0,2.88
2025-02-02,24.32,0.0,2.59
2025-02-03,24.27,0.0,2.69
2025-02-04,23.48,0.0,3.19
2025-02-05,23.93,0.0,3.45
2025-02-06,25.5,0.0,2.88
2025-02-07,26.73,0.0,3.51
2025-02-08,27.08,0.0,2.7
2025-02-09,27.21,0.0,2.82
2025-02-10,26.69,0.0,3.3
2025-02-11,25.99,0.0,3.19
2025-02-12,25.88,0.0,3.33
2025-02-13,26.87,0.0,3.57
2025-02-14,27.32,0.0,4.0
2025-02-15,27.51,0.0,3.89
2025-02-16,27.19,0.01,3.64
2025-02-17,27.19,0.17,3.35
2025-02-18,27.59,0.08,3.39
2025-02-19,27.36,0.0,3.47
2025-02-20,28.16,0.01,3.96
2025-02-21,28.94,0.0,4.34
2025-02-22,29.28,0.0,4.0
2025-02-23,29.1,0.0,3.84
2025-02-24,29.17,0.0,3.8
2025-02-25,29.47,0.0,3.59
2025-02-26,29.86,0.0,3.06
2025-02-27,29.84,0.0,3.47
2025-02-28,29.71,0.0,3.09
2025-03-01,29.61,0.01,3.22
2025-03-02,29.43,0.0,3.75
2025-03-03,29.92,0.49,4.4
2025-03-04,29.9,0.0,4.99
2025-03-05,29.34,0.0,4.05
2025-03-06,28.67,0.0,4.34
2025-03-07,29.04,0.0,3.85
2025-03-08,29.14,0.0,3.26
2025-03-09,30.18,0.0,3.17
2025-03-10,31.55,0.0,3.38
2025-03-11,31.97,0.0,3.24
2025-03-12,31.63,0.04,2.58
2025-03-13,31.33,0.07,2.95
2025-03-14,30.55,0.04,3.11
2025-03-15,30.33,0.02,3.19
2025-03-16,30.04,0.0,3.49
2025-03-17,29.52,0.61,3.76
2025-03-18,29.41,0.02,2.74
2025-03-19,28.73,0.0,2.61
2025-03-20,29.23,0.0,3.98
2025-03-21,27.68,0.0,3.25
2025-03-22,28.84,0.11,2.81
2025-03-23,30.07,0.26,2.45
2025-03-24,30.72,0.1,2.38
2025-03-25,30.67,0.48,2.96
2025-03-26,29.33,0.07,2.76
2025-03-27,28.63,0.0,3.23
2025-03-28,29.84,0.0,3.04
2025-03-29,31.78,0.0,3.39
2025-03-30,32.06,0.22,2.61
2025-03-31,32.49,0.33,2.11
2025-04-01,32.48,0.1,2.38
2025-04-02,33.0,0.16,3.12
2025-04-03,30.55,1.56,2.42
2025-04-04,30.67,1.18,2.65
2025-04-05,31.68,2.1,3.51
2025-04-06,32.01,0.47,3.32
2025-04-07,32.6,0.01,3.42
2025-04-08,33.21,0.0,3.37
2025-04-09,32.71,0.02,3.14
2025-04-10,31.19,0.04,3.03
2025-04-11,30.25,0.01,2.94
2025-04-12,29.91,0.0,2.8
2025-04-13,31.21,0.0,3.44
2025-04-14,31.71,0.0,4.35
2025-04-15,31.08,0.0,3.66
2025-04-16,30.8,0.0,3.09
2025-04-17,30.89,0.0,2.74
2025-04-18,31.07,0.0,2.73
2025-04-19,31.3,0.0,3.12
2025-04-20,31.14,0.0,3.15
2025-04-21,31.38,0.07,3.06
2025-04-22,32.04,0.03,3.25
2025-04-23,32.48,0.22,2.46
2025-04-24,32.0,0.03,2.34
2025-04-25,31.43,0.0,2.46
2025-04-26,31.63,0.01,2.33
2025-04-27,32.0,0.0,3.01
2025-04-28,32.22,0.03,2.78
2025-04-29,31.48,0.02,2.67
2025-04-30,31.56,0.08,2.85
2025-05-01,32.02,0.04,3.46
2025-05-02,32.26,0.01,3.4
2025-05-03,31.55,0.03,2.87
2025-05-04,29.54,0.02,2.93
2025-05-05,30.58,0.04,2.62
2025-05-06,29.53,1.96,2.41
2025-05-07,28.52,11.4,3.66
2025-05-08,27.9,16.0,3.56
2025-05-09,28.68,9.76,3.56
2025-05-10,29.46,3.14,2.79
2025-05-11,30.0,2.27,2.62
2025-05-12,30.54,1.69,2.48
2025-05-13,30.67,8.18,2.04
2025-05-14,30.94,5.56,2.08
2025-05-15,30.49,3.36,2.05
2025-05-16,30.02,2.52,2.54
2025-05-17,29.98,4.57,2.7
2025-05-18,30.03,3.56,2.4
2025-05-19,28.93,9.43,2.65
2025-05-20,29.61,28.04,2.31
2025-05-21,29.1,11.29,2.14
2025-05-22,28.57,16.94,1.66
2025-05-23,29.62,5.02,2.25
2025-05-24,28.48,31.52,2.37
2025-05-25,27.79,68.55,4.43
2025-05-26,28.04,100.34,5.49
2025-05-27,27.43,33.64,3.84
2025-05-28,28.25,13.21,3.98
2025-05-29,28.33,10.94,4.2
2025-05-30,28.86,1.1,4.71
2025-05-31,28.78,2.77,4.74
2025-06-01,28.89,7.89,4.98
2025-06-02,28.41,5.06,5.08
2025-06-03,28.28,11.28,4.94
2025-06-04,27.98,6.15,3.62
2025-06-05,28.16,3.75,2.43
2025-06-06,28.17,11.87,2.44
2025-06-07,27.69,15.46,2.36
2025-06-08,28.34,0.57,2.55
2025-06-09,28.45,0.19,3.73
2025-06-10,28.51,0.41,3.46
2025-06-11,28.52,2.94,3.65
2025-06-12,28.35,14.24,4.44
2025-06-13,27.81,25.31,4.14
2025-06-14,28.28,25.92,2.74
2025-06-15,27.63,47.35,3.72
2025-06-16,27.37,93.66,7.12
2025-06-17,28.04,23.92,7.82
2025-06-18,27.91,88.05,7.05
2025-06-19,27.38,55.21,6.72
2025-06-20,27.75,16.29,6.68
2025-06-21,27.61,11.84,6.24
2025-06-22,27.48,13.85,6.43
2025-06-23,27.38,29.96,7.24
2025-06-24,27.29,22.52,6.63
2025-06-25,27.45,10.67,6.8
2025-06-26,27.23,16.88,6.57
2025-06-27,27.11,20.06,6.92
2025-06-28,27.06,12.15,7.45
2025-06-29,26.75,12.81,6.47
2025-06-30,27.05,16.89,6.82
2025-07-01,26.73,21.23,6.17
2025-07-02,26.55,32.22,5.47
2025-07-03,26.79,36.59,7.05
2025-07-04,26.84,27.31,7.45
2025-07-05,26.61,42.63,6.78
2025-07-06,26.55,30.2,6.96
2025-07-07,26.54,14.49,6.04
2025-07-08,26.49,8.2,5.59
2025-07-09,26.44,16.02,5.13
2025-07-10,26.73,9.58,4.52
2025-07-11,26.77,12.23,4.19
2025-07-12,26.73,11.73,4.49
2025-07-13,26.8,11.93,4.95
2025-07-14,26.91,31.44,6.1
2025-07-15,26.94,39.11,5.14
2025-07-16,26.83,9.19,4.05
2025-07-17,26.68,2.21,3.45
2025-07-18,26.79,2.04,3.65
2025-07-19,26.78,6.0,3.88
2025-07-20,27.09,22.0,3.97
2025-07-21,26.9,47.27,4.23
2025-07-22,26.74,35.44,4.37
2025-07-23,26.48,53.02,5.03
2025-07-24,26.71,41.4,5.59
2025-07-25,26.5,57.88,6.0
2025-07-26,26.1,54.89,6.68
2025-07-27,26.1,27.16,7.33
2025-07-28,26.02,16.23,7.51
2025-07-29,25.77,14.29,7.48
2025-07-30,25.87,9.63,5.72
2025-07-31,26.15,6.84,5.73
2025-08-01,26.1,3.94,4.75
2025-08-02,25.9,6.59,3.78
2025-08-03,26.26,4.35,3.4
2025-08-04,26.3,1.83,3.18
2025-08-05,26.35,3.74,2.74
2025-08-06,26.58,4.55,2.42
2025-08-07,26.54,4.13,2.54
2025-08-08,26.47,3.4,2.11
2025-08-09,26.35,9.14,2.29
2025-08-10,26.23,11.53,2.17
2025-08-11,26.28,13.59,3.09
2025-08-12,26.26,5.51,2.82
2025-08-13,26.16,26.15,3.02
2025-08-14,26.1,20.51,3.59
2025-08-15,25.72,53.06,3.1
2025-08-16,25.75,69.3,3.79
2025-08-17,26.08,60.78,4.75
2025-08-18,25.64,96.42,7.01
2025-08-19,25.59,142.85,7.22
2025-08-20,25.55,69.09,7.65
2025-08-21,25.99,10.82,6.35
2025-08-22,25.99,8.08,5.83
2025-08-23,25.82,9.05,6.25
2025-08-24,25.88,11.13,6.3
2025-08-25,25.55,26.8,5.72
2025-08-26,25.64,16.08,4.79
2025-08-27,25.81,19.75,2.87
2025-08-28,25.98,15.99,3.31
2025-08-29,26.18,28.51,2.67
2025-08-30,26.36,7.57,3.52
2025-08-31,26.32,12.1,4.21
2025-09-01,25.99,15.63,5.23
2025-09-02,25.98,8.79,4.44
2025-09-03,25.93,8.17,3.97
2025-09-04,25.41,6.64,3.8
2025-09-05,26.01,35.41,4.63
2025-09-06,25.41,36.34,4.6
2025-09-07,25.82,19.23,4.65
2025-09-08,25.53,2.1,3.64
2025-09-09,25.47,0.12,2.54
2025-09-10,25.86,0.11,1.87
2025-09-11,25.94,0.55,2.32
2025-09-12,26.0,2.93,2.46
2025-09-13,25.73,25.49,2.53
2025-09-14,26.25,38.53,3.07
2025-09-15,25.76,74.47,3.91
2025-09-16,25.87,8.89,2.25
2025-09-17,26.42,5.23,1.99
2025-09-18,26.38,18.85,2.61
2025-09-19,25.79,28.86,2.1
2025-09-20,25.63,13.53,2.31
2025-09-21,26.25,10.63,2.53
2025-09-22,25.68,14.17,3.14
2025-09-23,25.42,18.28,2.62
2025-09-24,25.82,2.38,2.53
2025-09-25,25.92,1.78,2.08
2025-09-26,26.08,5.59,2.23
2025-09-27,26.1,44.94,3.93
2025-09-28,25.37,112.87,6.66
2025-09-29,24.78,40.49,7.03
2025-09-30,25.33,8.11,5.02
2025-10-01,25.72,7.33,4.82
2025-10-02,25.92,11.05,4.22
2025-10-03,26.17,2.62,2.83
2025-10-04,25.92,1.73,2.35
2025-10-05,25.83,2.62,2.5
2025-10-06,25.44,2.11,2.35
2025-10-07,25.81,4.27,2.09
2025-10-08,25.96,1.58,2.56
2025-10-09,25.77,0.22,2.7
2025-10-10,25.57,0.0,2.91
2025-10-11,25.47,0.0,3.05
2025-10-12,25.36,0.01,3.32
2025-10-13,24.91,0.0,3.61
2025-10-14,24.59,0.0,3.26
2025-10-15,25.68,0.77,3.0
2025-10-16,27.56,2.04,2.76
2025-10-17,27.43,0.39,3.52
2025-10-18,27.0,0.32,3.06
2025-10-19,27.04,0.11,3.32
2025-10-20,25.95,0.0,3.9
2025-10-21,26.49,8.65,3.44
2025-10-22,27.43,1.13,3.08
2025-10-23,27.39,6.1,3.97
2025-10-24,27.37,2.54,3.37
2025-10-25,26.22,11.79,3.02
2025-10-26,26.36,30.15,3.8
2025-10-27,26.17,12.9,3.91
2025-10-28,26.73,5.44,3.77
2025-10-29,26.18,8.72,2.81
2025-10-30,26.13,13.02,4.39
2025-10-31,25.75,7.9,4.96
2025-11-01,25.87,7.08,4.02
2025-11-02,25.89,9.04,3.37
2025-11-03,25.78,3.49,2.56
2025-11-04,25.66,0.81,2.51
2025-11-05,24.74,0.13,1.48
2025-11-06,24.01,0.02,1.98
2025-11-07,24.35,0.0,2.87
2025-11-08,22.91,0.0,3.6
2025-11-09,22.17,0.0,2.54
2025-11-10,22.58,0.0,2.1
2025-11-11,22.51,0.0,2.08
2025-11-12,22.04,0.0,3.24
2025-11-13,21.84,0.0,3.71
2025-11-14,21.52,0.0,4.06
2025-11-15,20.89,0.0,4.05
2025-11-16,20.7,0.0,4.53
2025-11-17,20.38,0.0,4.23
2025-11-18,19.76,0.0,4.17
2025-11-19,20.67,0.0,3.75
2025-11-20,20.9,0.0,3.94
2025-11-21,21.91,0.0,3.79
2025-11-22,23.81,0.0,3.29
2025-11-23,24.85,0.0,2.31
2025-11-24,24.81,0.0,2.48
2025-11-25,24.59,0.0,2.97
2025-11-26,24.09,0.01,3.14
2025-11-27,24.03,0.0,3.28
2025-11-28,23.7,0.0,3.5
2025-11-29,22.38,0.0,4.1
2025-11-30,21.3,0.0,3.8
2025-12-01,22.03,0.0,3.45
2025-12-02,22.29,0.0,2.75
2025-12-03,22.51,0.0,3.64
2025-12-04,23.12,0.0,4.01
2025-12-05,23.94,0.0,4.13
2025-12-06,23.27,0.0,4.13
2025-12-07,22.21,0.0,3.75
2025-12-08,21.68,0.0,3.8
2025-12-09,21.0,0.07,4.67
2025-12-10,21.05,0.0,4.38
2025-12-11,21.05,0.0,3.91
2025-12-12,20.9,0.0,3.76
2025-12-13,21.93,0.0,3.01
2025-12-14,21.86,0.0,3.77
2025-12-15,21.44,0.0,3.95
2025-12-16,21.58,0.0,4.19
2025-12-17,22.27,0.0,4.01
2025-12-18,22.47,0.0,4.06
2025-12-19,21.46,0.0,4.11
2025-12-20,21.61,0.0,3.66
2025-12-21,21.24,0.0,3.93
2025-12-22,21.07,0.0,4.22
2025-12-23,22.28,0.0,4.1
2025-12-24,21.84,0.0,3.93
2025-12-25,22.0,0.0,3.61
2025-12-26,21.54,0.0,3.25
2025-12-27,21.98,0.0,3.79
2025-12-28,21.7,0.0,3.56
2025-12-29,21.4,0.0,3.37
2025-12-30,21.23,0.0,2.74
2025-12-31,21.04,0.06,2.52
